Timestamp,student_id,Score,ข้อใดต่อไปนี้อธิบายแนวคิด “Data-Driven Classroom” ได้ถูกต้องที่สุด?,ข้อใดต่อไปนี้ สะท้อนแนวคิด Education 4.0 ที่ตอบสนองต่อการเปลี่ยนแปลงจากการปฏิวัติอุตสาหกรรม 4.0 ได้ถูกต้องที่สุด?,จากแนวคิดที่ว่า Analytics และ AI เป็น “Game Changer” ในยุคปัจจุบัน ข้อใดต่อไปนี้ แสดงให้เห็นถึงบทบาทของ Analytics และ AI ที่ถูกต้องในบริบทของห้องเรียนที่ขับเคลื่อนด้วยข้อมูล (Data-Driven Classroom)?,ถ้านักเรียน A สามารถรวบรวมคะแนนสอบของเพื่อน ๆ แล้วจัดทำเป็นกราฟเพื่ออธิบายแนวโน้มของผลการเรียนต่อครูและเพื่อน ๆ ได้อย่างเข้าใจง่าย นักเรียน A มีความสามารถด้านใดตามองค์ประกอบของ Data Literacy?,"คำถาม:
ครูณัฐวางแผนการจัดการเรียนรู้วิชาคณิตศาสตร์ โดยดำเนินการตามลำดับต่อไปนี้:
1. ก่อนเริ่มเรียน ครูใช้แบบประเมินออนไลน์เพื่อดูว่านักเรียนคนใดมีพื้นฐานอ่อน
2. ระหว่างเรียน ครูให้กิจกรรมฝึกฝน พร้อมใช้ระบบแจ้งเตือนเมื่อมีนักเรียนตอบผิดซ้ำ
3. เมื่อจบบทเรียน ครูมอบหมายงานกลุ่มให้สรุปความเข้าใจ พร้อมสะท้อนแนวคิดการนำไปใช้จริง
จากสถานการณ์ข้างต้น ข้อใด จับคู่ลักษณะของการประเมินกับประเภทของ Intentional Assessment ได้ถูกต้องที่สุด?","คำถาม:
จากที่คุณได้เรียนรู้แนวคิดเบื้องต้นเกี่ยวกับ Data-Driven Classroom และ Intentional Assessment
จงอธิบายด้วยคำของคุณเองว่า
1. ครูในยุคปัจจุบันควรใช้ข้อมูลของนักเรียนไปทำอะไร
2. ทำไมการวัดผลแบบมีเป้าหมายจึงสำคัญต่อการช่วยนักเรียนให้เรียนดีขึ้น"
8/4/2025 23:25:41,student_001,0 / 1,การจัดการเรียนรู้โดยใช้ข้อมูลของผู้เรียนเพื่อปรับเปลี่ยนการสอนให้เหมาะกับแต่ละคนอย่างต่อเนื่อง,การออกแบบการเรียนรู้ที่ส่งเสริมความคิดสร้างสรรค์ ความยืดหยุ่น และการเรียนรู้ตลอดชีวิตของผู้เรียน,ช่วยครูวิเคราะห์พฤติกรรมและผลการเรียนของนักเรียน เพื่อให้ข้อมูลสำหรับปรับการสอนและออกแบบการช่วยเหลือเฉพาะบุคคล,Communicating Data (การสื่อสารข้อมูล),"1) Predictive, 2) Responsive, 3) Summative","1.นำข้อมูลที่ได้ของนักเรียนไปวิเคราะห์และทำความเข้าใจเกี่ยวกับนักเรียน(จุดเด่นและจุดด้อย)เพื่อปรับปรุงและพัฒนาการเรียนการสอนให้เหมาะสมกับนักเรียนแต่ละคน ทำให้นักเรียนเกิดการเรียนรู้ได้มีคุณภาพมากที่สุด
2.เพราะทำให้ครูได้รับข้อมูลของนักเรียนแต่ละคนที่สามารถนำมาใช้ในการวิเคราะห์เพื่อแก้ไขปัญหาและพัฒนาผู้เรียนให้เรียนรู้ได้อย่างตรงจุดตามที่ตั้งเป้าหมายเอาไว้"
8/5/2025 0:52:12,student_002,0 / 1,การจัดการเรียนรู้โดยใช้ข้อมูลของผู้เรียนเพื่อปรับเปลี่ยนการสอนให้เหมาะกับแต่ละคนอย่างต่อเนื่อง,การจัดหลักสูตรที่ช่วยให้ผู้เรียนสามารถจดจำข้อมูลได้รวดเร็วเพื่อใช้กับเทคโนโลยีดิจิทัล,ช่วยครูวิเคราะห์พฤติกรรมและผลการเรียนของนักเรียน เพื่อให้ข้อมูลสำหรับปรับการสอนและออกแบบการช่วยเหลือเฉพาะบุคคล,Communicating Data (การสื่อสารข้อมูล),"1) Predictive, 2) Responsive, 3) Summative","1.= ครูควรใช้ข้อมูลของนักเรียน เช่น คะแนนสอบ คะแนนความประพฤติ หรือผกิคะแนนกรรม เพื่อวิเคราะห์จุดแข็งและจุดอ่อนของนักเรียนแต่ละคน จากนั้นนำไปวางแผนการเรียนการสอนให้ตรงกับความต้องการของนักเรียน และช่วยให้นักเรียนพัฒนาตนเองได้ดีขึ้น
2.= เพราะการวัดผลแบบมีเป้าหมายจะช่วยให้ครูรู้ว่าต้องการพัฒนาอะไรในตัวนักเรียน และใช้ข้อมูลที่ได้จากการวัดผลนั้นมาปรับวิธีสอนให้เหมาะสม การวัดผลยังเป็นเครื่องมือที่ช่วยให้ติดตามความก้าวหน้า และวางแผนช่วยเหลือนักเรียนให้เรียนรู้ได้ดีขึ้นตามจุดประสงค์ที่ตั้งไว้"
8/5/2025 11:18:57,student_003,0 / 1,การจัดการเรียนรู้โดยใช้ข้อมูลของผู้เรียนเพื่อปรับเปลี่ยนการสอนให้เหมาะกับแต่ละคนอย่างต่อเนื่อง,การออกแบบการเรียนรู้ที่ส่งเสริมความคิดสร้างสรรค์ ความยืดหยุ่น และการเรียนรู้ตลอดชีวิตของผู้เรียน,ช่วยครูวิเคราะห์พฤติกรรมและผลการเรียนของนักเรียน เพื่อให้ข้อมูลสำหรับปรับการสอนและออกแบบการช่วยเหลือเฉพาะบุคคล,Communicating Data (การสื่อสารข้อมูล),"1) Predictive, 2) Responsive, 3) Summative","1. ครูควรใช้ข้อมูลของนักเรียนเพื่อวิเคราะห์จุดแข็งและจุดอ่อนของแต่ละคน แล้วปรับวิธีการสอนให้เหมาะสมกับผู้เรียนแต่ละคน
2. เพราะการวัดผลแบบมีเป้าหมาย ช่วยให้ครูสามารถประเมินความก้าวหน้าของผู้เรียนได้อย่างแม่นยำ รู้ว่าควรเน้นจุดไหนเพิ่มเติมหรือลดเนื้อหาตรงไหน"
8/5/2025 11:47:27,student_004,0 / 1,การจัดการเรียนรู้โดยใช้ข้อมูลของผู้เรียนเพื่อปรับเปลี่ยนการสอนให้เหมาะกับแต่ละคนอย่างต่อเนื่อง,การจัดหลักสูตรที่ช่วยให้ผู้เรียนสามารถจดจำข้อมูลได้รวดเร็วเพื่อใช้กับเทคโนโลยีดิจิทัล,ช่วยครูวิเคราะห์พฤติกรรมและผลการเรียนของนักเรียน เพื่อให้ข้อมูลสำหรับปรับการสอนและออกแบบการช่วยเหลือเฉพาะบุคคล,Data Engineering (การสร้างระบบจัดเก็บข้อมูล),"1) Summative, 2) Predictive, 3) Responsive","1.เพื่อที่จะนำขอมูลผู้เรียนไปออกแบบการเรียนรู้ให้เหมาะสมกับกลุ่มของผู้เรียน 

2.เพื่อที่เราจะได้คักแยกนักเรียนเป็นกลุ่มๆได้ ทำให้เราจัดการเรียนการสอนได้ตรงกับกลุ่มผู้เรียนแต่ละกลุ่มได้อย่างทั่วถึง"
8/5/2025 20:43:39,student_005,0 / 1,การจัดการเรียนรู้โดยใช้ข้อมูลของผู้เรียนเพื่อปรับเปลี่ยนการสอนให้เหมาะกับแต่ละคนอย่างต่อเนื่อง,การออกแบบการเรียนรู้ที่ส่งเสริมความคิดสร้างสรรค์ ความยืดหยุ่น และการเรียนรู้ตลอดชีวิตของผู้เรียน,ช่วยครูวิเคราะห์พฤติกรรมและผลการเรียนของนักเรียน เพื่อให้ข้อมูลสำหรับปรับการสอนและออกแบบการช่วยเหลือเฉพาะบุคคล,Communicating Data (การสื่อสารข้อมูล),"1) Predictive, 2) Responsive, 3) Summative","1 ครูควรนำข้อมูลของนักเรียนไปวิเคราะห์ความต้องการหรือความหลากหลายของแต่ละบุคคลอย่างเช่นการวิเคราะห์พฤติกรรมของผู้เรียน เพื่อนำไปสู่การส่งเสริมการเรียนรู้ที่เหมาะสมกับนักเรียนแต่ล่ะบุคคลได้ และเพื่อเพิ่มประสิทธิภาพในการสอนที่มากขึ้นให้ตรงกับความต้องการของผู้เรียน
2 เพราะการวัดประเมินนั้นจะสามารถทำให้ครูได้รู้ถึงปัญหาว่านักเรียนยังขาดความเข้าใจในเรื่องของอะไรได้ พอรู้ถึงปัญหาหรือตัวแปรที่ทำให้นักเรียนได้คะแนนต่ำแล้วจะทำให้ครูสามารถช่วยเหลือแก้ไขให้กับนักเรียนได้อย่างถูกจุด 
เพราะฉนั้นการวัดประเมินแบบมีเป้าหมายจึงสำคัญ เพราะจะทำให้ครูได้เห็นถึงความพัฒนาหรือความเข้าใจของนักเรียนได้ว่าเรียนดีขึ้นหรือยังขาดตรงไหนที่ปรับปรุงได้อีก"
8/5/2025 22:20:10,student_006,0 / 1,การจัดการเรียนรู้โดยใช้ข้อมูลของผู้เรียนเพื่อปรับเปลี่ยนการสอนให้เหมาะกับแต่ละคนอย่างต่อเนื่อง,การออกแบบการเรียนรู้ที่ส่งเสริมความคิดสร้างสรรค์ ความยืดหยุ่น และการเรียนรู้ตลอดชีวิตของผู้เรียน,ช่วยครูวิเคราะห์พฤติกรรมและผลการเรียนของนักเรียน เพื่อให้ข้อมูลสำหรับปรับการสอนและออกแบบการช่วยเหลือเฉพาะบุคคล,Communicating Data (การสื่อสารข้อมูล),"1) Predictive, 2) Responsive, 3) Summative","1.ครูควรใช้ข้อมูลของนักเรียนเพื่อ วิเคราะห์จุดแข็ง-จุดอ่อน ของแต่ละคน นำมาปรับการสอนให้เหมาะสมเฉพาะบุคคล และออกแบบกิจกรรมเสริมที่ตอบโจทย์ความต้องการของผู้เรียนแต่ละคน รวมถึงใช้ข้อมูลเพื่อ ติดตามความก้าวหน้า และวางแผนการช่วยเหลือในระยะยาว

2. การวัดผลแบบมีเป้าหมายช่วยให้ครูรู้ว่า “ทำไมจึงต้องประเมิน” และ “จะนำผลที่ได้ไปใช้ทำอะไรต่อ” เช่น วางแผนการสอนใหม่ ปรับกิจกรรมให้ตรงจุด หรือให้ความช่วยเหลือแบบเฉพาะเจาะจง ช่วยให้นักเรียนได้รับการสนับสนุนตรงกับความต้องการ และพัฒนาได้ตรงเป้า ทำให้การเรียนมีประสิทธิภาพมากขึ้น"
8/5/2025 22:51:09,student_007,0 / 1,การจัดการเรียนรู้โดยใช้ข้อมูลของผู้เรียนเพื่อปรับเปลี่ยนการสอนให้เหมาะกับแต่ละคนอย่างต่อเนื่อง,การสอนที่มุ่งให้ผู้เรียนมีความเชี่ยวชาญเฉพาะทางเพื่อแข่งขันกับ AI อย่างมีประสิทธิภาพ,ช่วยครูวิเคราะห์พฤติกรรมและผลการเรียนของนักเรียน เพื่อให้ข้อมูลสำหรับปรับการสอนและออกแบบการช่วยเหลือเฉพาะบุคคล,Communicating Data (การสื่อสารข้อมูล),"1) Predictive, 2) Responsive, 3) Summative","1) 1.1 เพื่อดูว่านักเรียนแต่ละคนมีปัญหาในการเรียนรู้ในเรื่องใดเพื่อทีจะได้แก้ไขปัญหานั้นได้ตรงจุดซึ่งจะนำไปสู่การช่วยเหลือและพัฒนาความรู้ความสามารถของนักเรียนคนนั้นๆได้อย่างตรงจุด ถูกต้องและเหมาะสม
1.2 เพื่อใช้ในการออกแบบการเรียนการสอน เมื่อครูรู้ข้อมูลของนักเรียนก็จะทำให้ครูสามารถออกแบบการเรียนการสอนให้เข้ากับนักเรียนในห้องเรียนได้อย่างเหมาะสม
2) 2.1 เพราะจะช่วยให้นักเรียนรู้ว่าต้องพัฒนาหรือแก้ไขปรับปรุงในจุดไหนที่ตนเองยังไม่เข้าใจ
2.2 สามารถแก้ไขได้ทันที การประเมินที่เกิดขึ้นระหว่างเรียน (Responsive Assessment) ทำให้นักเรียนได้รับคำแนะนำและแก้ไขข้อผิดพลาดได้ทันที ไม่ต้องรอจนจบบทเรียนหรือปลายภาค 
2.3 ทำให้ครูสอนได้ตรงจุด การประเมินจะบอกครูว่านักเรียนส่วนใหญ่เข้าใจหรือไม่เข้าใจอะไร ทำให้ครูสามารถปรับเปลี่ยนวิธีการสอน เนื้อหา หรือกิจกรรมให้เข้ากับความต้องการของนักเรียนได้"